timestamp,dataset_changed,status,response_time_ms,action_type
2025-10-29T09:42:11.890615,dataset/student_scores.csv,failure,15389.74,deploy
2025-10-29T09:42:13.353958,dataset/student_scores.csv,success,200,heal_adjust
2025-10-29T09:42:35.437081,dataset/patient_health.csv,failure,15017.14,deploy
2025-10-29T09:42:35.517796,dataset/patient_health.csv,success,200,heal_adjust
2025-10-29T09:43:03.564270,dataset/student_scores.csv,success,20000,deploy
2025-10-29T09:43:19.249148,dataset/student_scores.csv,failure,15050.48,heal_retry
2025-10-29T09:43:28.996427,dataset/patient_health.csv,failure,2000,deploy
2025-10-29T09:43:44.101868,dataset/patient_health.csv,failure,15027.61,heal_retry
2025-10-29T09:44:02.085527,dataset/student_scores.csv,failure,15025.5,deploy
2025-10-29T09:44:02.121946,dataset/student_scores.csv,success,200,heal_adjust
2025-10-29T09:44:21.880163,dataset/patient_health.csv,failure,15039.08,deploy
2025-10-29T09:44:21.915498,dataset/patient_health.csv,success,200,heal_adjust
2025-10-29T09:44:45.182692,dataset/student_scores.csv,success,20000,deploy
2025-10-29T09:45:00.275768,dataset/student_scores.csv,failure,15018.48,heal_retry
2025-10-29T09:45:05.233008,dataset/patient_health.csv,failure,2000,deploy
2025-10-29T09:45:05.281667,dataset/patient_health.csv,success,200,heal_adjust
2025-10-29T09:47:14.104500,dataset/student_scores.csv,failure,15031.53,deploy
2025-10-29T09:47:29.318682,dataset/student_scores.csv,failure,15015.06,heal_retry
2025-10-29T09:47:47.106822,dataset/patient_health.csv,failure,15056.44,deploy
2025-10-29T09:48:02.145440,dataset/patient_health.csv,failure,15019.71,heal_retry
2025-10-29T09:48:24.564485,dataset/student_scores.csv,success,20000,deploy
2025-10-29T09:48:40.831406,dataset/student_scores.csv,failure,15580.88,heal_restore
2025-10-29T09:48:47.677820,dataset/patient_health.csv,failure,2000,deploy
2025-10-29T09:49:02.745196,dataset/patient_health.csv,failure,15039.74,heal_retry
2025-10-29T09:49:20.774661,dataset/student_scores.csv,failure,15028.93,deploy
2025-10-29T09:49:20.995614,dataset/student_scores.csv,success,200,heal_adjust
2025-10-29T09:49:54.233706,dataset/patient_health.csv,failure,15029.34,deploy
2025-10-29T09:49:54.282630,dataset/patient_health.csv,success,200,heal_adjust
2025-10-29T09:50:16.558876,dataset/student_scores.csv,success,20000,deploy
2025-10-29T09:50:31.670264,dataset/student_scores.csv,failure,15028.93,heal_retry
2025-10-29T09:50:35.393083,dataset/patient_health.csv,failure,2000,deploy
2025-10-29T09:50:35.442869,dataset/patient_health.csv,success,200,heal_adjust
2025-10-29T09:59:27.665387,dataset/student_scores.csv,success,20000,deploy
2025-10-29T10:03:08.065298,dataset/student_scores.csv,failure,15044.49,heal_retry
2025-10-29T10:05:21.536771,dataset/student_scores.csv,success,20000,deploy
2025-10-29T10:05:26.239980,dataset/student_scores.csv,success,200,heal_adjust
2025-10-29T10:05:56.979396,dataset/student_scores.csv,success,20000,deploy
2025-10-29T10:06:38.520267,dataset/student_scores.csv,failure,15032.36,heal_restore
2025-10-29T10:07:16.641742,dataset/student_scores.csv,success,20000,deploy
2025-10-29T10:08:42.539069,dataset/student_scores.csv,success,200,heal_adjust
2025-10-29T10:09:07.693704,dataset/student_scores.csv,success,20000,deploy
2025-10-29T10:19:25.071562,dataset/student_scores.csv,success,200,heal_adjust
2025-10-29T10:26:36.146584,dataset/student_scores.csv,failure,15025.39,deploy
2025-10-29T10:26:51.240704,dataset/student_scores.csv,failure,15024.07,heal_retry
2025-10-29T10:28:08.177562,dataset/student_scores.csv,failure,15017.24,deploy
2025-10-29T10:28:38.652455,dataset/student_scores.csv,failure,15016.53,heal_restore
2025-10-29T10:36:51.833454,dataset/student_scores.csv,failure,15030.82,deploy
2025-10-29T10:37:07.005558,dataset/student_scores.csv,failure,15045.45,heal_retry
2025-10-29T10:37:35.632840,dataset/patient_health.csv,failure,15027.85,deploy
2025-10-29T10:37:50.666931,dataset/patient_health.csv,failure,15015.99,heal_retry
2025-10-29T10:38:12.388429,dataset/student_scores.csv,success,20000,deploy
2025-10-29T10:38:27.415788,dataset/student_scores.csv,failure,15011.03,heal_retry
2025-10-29T10:38:30.565971,dataset/patient_health.csv,failure,2000,deploy
2025-10-29T10:38:45.661625,dataset/patient_health.csv,failure,15030.71,heal_restore
2025-10-29T10:39:02.215508,dataset/student_scores.csv,failure,15014.91,deploy
2025-10-29T10:39:02.227571,dataset/student_scores.csv,success,200,heal_adjust
2025-10-29T10:39:19.051218,dataset/patient_health.csv,failure,15021.82,deploy
2025-10-29T10:39:19.074298,dataset/patient_health.csv,success,200,heal_adjust
2025-10-29T10:39:40.636300,dataset/student_scores.csv,success,20000,deploy
2025-10-29T10:39:41.264175,dataset/student_scores.csv,success,200,heal_adjust
2025-10-29T10:39:47.495358,dataset/patient_health.csv,failure,2000,deploy
2025-10-29T10:39:47.539327,dataset/patient_health.csv,success,200,heal_adjust
2025-10-29T11:19:41.786764,dataset/student_scores.csv,failure,15049.46,deploy
2025-10-29T11:49:46.267704,dataset/student_scores.csv,success,200,heal_adjust
2025-10-29T11:57:53.953522,dataset/student_scores.csv,failure,15728.18,deploy
2025-10-29T11:57:54.492209,dataset/student_scores.csv,success,200,heal_adjust
2025-10-29T12:31:10.908756,dataset/student_scores.csv,failure,16992.87,deploy
2025-10-29T12:31:11.187184,dataset/student_scores.csv,success,200,heal_adjust
2025-10-29T14:13:30.558503,dataset/student_scores.csv,failure,15028.67,deploy
2025-10-29T14:57:20.316943,dataset/student_scores.csv,failure,15029.28,deploy
2025-10-29T14:57:35.443548,dataset/student_scores.csv,failure,15038.16,heal_restore
2025-10-29T15:21:06.564132,dataset/student_scores.csv,failure,15030.43,deploy
2025-10-29T15:21:21.760507,dataset/student_scores.csv,failure,15024.73,heal_restore
2025-10-29T15:24:43.257009,dataset/student_scores.csv,failure,15013.78,deploy
2025-10-29T15:24:58.330764,dataset/student_scores.csv,failure,15018.71,heal_retry
2025-10-29T15:25:28.676644,dataset/student_scores.csv,failure,15029.66,deploy
2025-10-29T15:25:43.799916,dataset/student_scores.csv,failure,15022.42,heal_restore
2025-10-29T15:35:01.024532,dataset/student_scores.csv,failure,15028.62,deploy
2025-10-29T15:35:16.110096,dataset/student_scores.csv,failure,15024.86,heal_retry
2025-10-29T15:44:08.514005,dataset/student_scores.csv,failure,15033.95,deploy
2025-10-29T15:44:08.606653,dataset/student_scores.csv,success,200,heal_adjust
2025-10-29T15:50:23.411631,dataset/student_scores.csv,failure,15025.6,deploy
2025-10-29T15:50:24.035699,dataset/student_scores.csv,success,200,heal_adjust
2025-10-29T15:51:16.589955,dataset/patient_health.csv,failure,15041.04,deploy
2025-10-29T15:52:12.200512,dataset/patient_health.csv,failure,15024.36,heal_retry
2025-10-29T15:53:56.906505,dataset/student_scores.csv,failure,15030.01,deploy
2025-10-29T15:54:26.004141,dataset/student_scores.csv,failure,15022.51,deploy
2025-10-29T15:54:26.078673,dataset/student_scores.csv,success,200,heal_adjust
2025-10-29T15:54:44.944580,dataset/student_scores.csv,failure,15015.81,deploy
2025-10-29T15:55:22.157925,dataset/patient_health.csv,success,20000,deploy
2025-10-29T15:55:36.916520,dataset/patient_health.csv,failure,2000,deploy
2025-10-29T15:56:21.919088,dataset/student_scores.csv,failure,15044.64,deploy
2025-10-29T15:56:37.312831,dataset/student_scores.csv,failure,15030.16,heal_retry
2025-10-29T15:56:55.227079,dataset/patient_health.csv,failure,15028.65,deploy
2025-10-29T15:57:10.551921,dataset/patient_health.csv,failure,15021.85,heal_restore
2025-10-29T15:57:33.276806,dataset/student_scores.csv,success,20000,deploy
2025-10-29T15:57:48.503399,dataset/student_scores.csv,failure,15021.88,heal_retry
2025-10-29T15:57:52.447717,dataset/patient_health.csv,failure,2000,deploy
2025-10-29T15:58:07.668149,dataset/patient_health.csv,failure,15042.99,heal_restore
2025-10-29T15:58:32.398716,dataset/student_scores.csv,failure,15047.42,deploy
2025-10-29T15:58:32.640035,dataset/student_scores.csv,success,200,heal_adjust
2025-10-29T15:58:52.660253,dataset/patient_health.csv,failure,15029.02,deploy
2025-10-29T15:58:52.875842,dataset/patient_health.csv,success,200,heal_adjust
2025-10-29T15:59:14.655617,dataset/student_scores.csv,success,20000,deploy
2025-10-29T15:59:14.956429,dataset/student_scores.csv,success,200,heal_adjust
2025-10-29T15:59:18.743461,dataset/patient_health.csv,failure,2000,deploy
2025-10-29T15:59:18.936486,dataset/patient_health.csv,success,200,heal_adjust
2025-10-29T16:03:10.596440,dataset/student_scores.csv,failure,15026.13,deploy
2025-10-29T16:04:12.612380,dataset/patient_health.csv,failure,15028.51,deploy
2025-10-29T16:05:14.452614,dataset/student_scores.csv,failure,15030.26,deploy
2025-10-29T16:06:11.017485,dataset/patient_health.csv,failure,15025.96,deploy
2025-10-29T16:07:11.644408,dataset/student_scores.csv,failure,15023.04,deploy
2025-10-29T16:17:00.646467,dataset/student_scores.csv,failure,15201.73,deploy
