timestamp,state,action,reward
2025-10-29T09:42:12.966396,deployment_failure,adjust_thresholds,2
2025-10-29T09:42:35.499270,anomaly_health,adjust_thresholds,2
2025-10-29T09:43:18.977482,latency_issue,retry_deployment,0
2025-10-29T09:43:44.042590,anomaly_health,retry_deployment,0
2025-10-29T09:44:02.116631,deployment_failure,adjust_thresholds,2
2025-10-29T09:44:21.905145,anomaly_health,adjust_thresholds,2
2025-10-29T09:45:00.270675,latency_issue,retry_deployment,0
2025-10-29T09:45:05.263214,anomaly_health,adjust_thresholds,2
2025-10-29T09:47:29.191259,deployment_failure,retry_deployment,0
2025-10-29T09:48:02.137447,anomaly_health,retry_deployment,0
2025-10-29T09:48:40.595491,deployment_failure,restore_previous_version,0
2025-10-29T09:49:02.730313,anomaly_health,retry_deployment,0
2025-10-29T09:49:20.967879,deployment_failure,adjust_thresholds,2
2025-10-29T09:49:54.269626,anomaly_health,adjust_thresholds,2
2025-10-29T09:50:31.663931,latency_issue,retry_deployment,0
2025-10-29T09:50:35.430766,anomaly_health,adjust_thresholds,2
2025-10-29T10:03:07.696780,latency_issue,retry_deployment,-1
2025-10-29T10:05:26.231668,deployment_failure,adjust_thresholds,2
2025-10-29T10:06:38.385308,latency_issue,restore_previous_version,-1
2025-10-29T10:08:42.481659,deployment_failure,adjust_thresholds,-1
2025-10-29T10:19:24.119683,latency_issue,adjust_thresholds,2
2025-10-29T10:28:38.619837,deployment_failure,restore_previous_version,-1
2025-10-29T10:37:06.960495,deployment_failure,retry_deployment,0
2025-10-29T10:37:50.657935,anomaly_health,retry_deployment,0
2025-10-29T10:38:27.409471,deployment_failure,retry_deployment,0
2025-10-29T10:38:45.657491,anomaly_health,restore_previous_version,0
2025-10-29T10:39:02.224191,deployment_failure,adjust_thresholds,2
2025-10-29T10:39:19.063299,anomaly_health,adjust_thresholds,2
2025-10-29T10:39:41.235789,latency_issue,adjust_thresholds,2
2025-10-29T10:39:47.524618,anomaly_health,adjust_thresholds,2
2025-10-29T11:49:45.778019,deployment_failure,adjust_thresholds,-1
2025-10-29T11:57:54.262877,deployment_failure,adjust_thresholds,2
2025-10-29T12:31:11.125278,deployment_failure,adjust_thresholds,2
2025-10-29T15:52:11.983365,anomaly_health,retry_deployment,-1
2025-10-29T15:56:37.163574,deployment_failure,retry_deployment,0
2025-10-29T15:57:10.416526,anomaly_health,restore_previous_version,0
2025-10-29T15:57:48.404624,deployment_failure,retry_deployment,0
2025-10-29T15:58:07.571104,anomaly_health,restore_previous_version,0
2025-10-29T15:58:32.530197,deployment_failure,adjust_thresholds,2
2025-10-29T15:58:52.806158,anomaly_health,adjust_thresholds,2
2025-10-29T15:59:14.890273,latency_issue,adjust_thresholds,2
2025-10-29T15:59:18.867205,anomaly_health,adjust_thresholds,2
