timestamp,status,event
2025-10-29T09:41:56.219083,UP,Initial status check
2025-10-29T09:42:12.543915,DOWN,Last deployment attempt failed.
2025-10-29T09:42:13.355960,UP,Recovery successful via heal_adjust
2025-10-29T09:42:35.446094,DOWN,High heart rate detected (150).
2025-10-29T09:42:35.524792,UP,Recovery successful via heal_adjust
2025-10-29T09:43:03.608821,DOWN,High latency detected: 20000.00 ms.
2025-10-29T09:44:02.123184,UP,Recovery successful via heal_adjust
2025-10-29T09:44:21.882798,DOWN,High heart rate detected (150).
2025-10-29T09:44:21.917498,UP,Recovery successful via heal_adjust
2025-10-29T09:44:45.240794,DOWN,High latency detected: 20000.00 ms.
2025-10-29T09:45:05.284791,UP,Recovery successful via heal_adjust
2025-10-29T09:47:14.160182,DOWN,Last deployment attempt failed.
2025-10-29T09:49:21.008615,UP,Recovery successful via heal_adjust
2025-10-29T09:49:54.245077,DOWN,High heart rate detected (150).
2025-10-29T09:49:54.284639,UP,Recovery successful via heal_adjust
2025-10-29T09:50:16.615912,DOWN,High latency detected: 20000.00 ms.
2025-10-29T09:50:35.448911,UP,Recovery successful via heal_adjust
2025-10-29T09:59:27.762185,DOWN,High latency detected: 20000.00 ms.
2025-10-29T10:05:26.242497,UP,Recovery successful via heal_adjust
2025-10-29T10:05:57.048299,DOWN,High latency detected: 20000.00 ms.
2025-10-29T10:08:42.542111,UP,Recovery successful via heal_adjust
2025-10-29T10:09:07.717906,DOWN,High latency detected: 20000.00 ms.
2025-10-29T10:19:25.093489,UP,Recovery successful via heal_adjust
2025-10-29T10:26:36.206873,DOWN,Last deployment attempt failed.
2025-10-29T10:39:02.230974,UP,Recovery successful via heal_adjust
2025-10-29T10:39:19.054222,DOWN,High heart rate detected (150).
2025-10-29T10:39:19.077298,UP,Recovery successful via heal_adjust
2025-10-29T10:39:41.082534,DOWN,High latency detected: 20000.00 ms.
2025-10-29T10:39:41.286109,UP,Recovery successful via heal_adjust
2025-10-29T10:39:47.497983,DOWN,High heart rate detected (150).
2025-10-29T10:39:47.544034,UP,Recovery successful via heal_adjust
2025-10-29T11:19:41.882831,DOWN,Last deployment attempt failed.
2025-10-29T11:49:46.267704,UP,Recovery successful via heal_adjust
2025-10-29T11:57:54.244949,DOWN,Last deployment attempt failed.
2025-10-29T11:57:54.498786,UP,Recovery successful via heal_adjust
2025-10-29T12:31:11.119154,DOWN,Last deployment attempt failed.
2025-10-29T12:31:11.188420,UP,Recovery successful via heal_adjust
2025-10-29T14:13:30.775243,DOWN,Last deployment attempt failed.
2025-10-29T15:44:08.611650,UP,Recovery successful via heal_adjust
2025-10-29T15:50:24.020136,DOWN,Last deployment attempt failed.
2025-10-29T15:50:24.041708,UP,Recovery successful via heal_adjust
2025-10-29T15:51:16.675660,DOWN,High heart rate detected (150).
2025-10-29T15:54:26.082900,UP,Recovery successful via heal_adjust
2025-10-29T15:54:45.770271,DOWN,Last deployment attempt failed.
2025-10-29T15:58:32.649343,UP,Recovery successful via heal_adjust
2025-10-29T15:58:52.787930,DOWN,High heart rate detected (150).
2025-10-29T15:58:52.883412,UP,Recovery successful via heal_adjust
2025-10-29T15:59:14.874758,DOWN,High latency detected: 20000.00 ms.
2025-10-29T15:59:14.964941,UP,Recovery successful via heal_adjust
2025-10-29T15:59:18.851206,DOWN,High heart rate detected (150).
2025-10-29T15:59:18.942543,UP,Recovery successful via heal_adjust
2025-10-29T16:03:10.725712,DOWN,Last deployment attempt failed.
